CIGE_ID;DEGE_ID;CIGE_NOMBRE;CIGE_REGISTRADOPOR;CIGE_FECHACAMBIO
0;0;NINGUNO;edilverbm;2014-07-17
9000;0;Sin Municipio;edilverbm;2014-07-17
11;1;SANTA FÉ;edilverbm;2014-07-17
5520;5;SANTAFE DE ANTIOQUIA;edilverbm;2014-07-17
5002;5;ABEJORRAL;edilverbm;2014-07-17
5004;5;ABRIAQUI;edilverbm;2014-07-17
5021;5;ALEJANDRIA;edilverbm;2014-07-17
5031;5;AMALFI;edilverbm;2014-07-17
5034;5;ANDES;edilverbm;2014-07-17
5036;5;ANGELOPOLIS;edilverbm;2014-07-17
5038;5;ANGOSTURA;edilverbm;2014-07-17
5040;5;ANORI;edilverbm;2014-07-17
5042;5;ANTIOQUIA;edilverbm;2014-07-17
5044;5;ANZA;edilverbm;2014-07-17
5045;5;APARTADO;edilverbm;2014-07-17
5055;5;ARGELIA;edilverbm;2014-07-17
5059;5;ARMENIA;edilverbm;2014-07-17
5079;5;BARBOSA;edilverbm;2014-07-17
5086;5;BELMIRA;edilverbm;2014-07-17
5088;5;BELLO;edilverbm;2014-07-17
5091;5;BETANIA;edilverbm;2014-07-17
5093;5;BETULIA;edilverbm;2014-07-17
5101;5;BOLIVAR;edilverbm;2014-07-17
5107;5;BRICEÑO;edilverbm;2014-07-17
5113;5;BURITICA;edilverbm;2014-07-17
5125;5;CAICEDO;edilverbm;2014-07-17
5129;5;CALDAS;edilverbm;2014-07-17
5134;5;CAMPAMENTO;edilverbm;2014-07-17
5138;5;CAÑASGORDAS;edilverbm;2014-07-17
5142;5;CARACOLI;edilverbm;2014-07-17
5145;5;CARAMANTA;edilverbm;2014-07-17
5147;5;CAREPA;edilverbm;2014-07-17
5148;5;CARMEN DE VIBORAL;edilverbm;2014-07-17
5150;5;CAROLINA;edilverbm;2014-07-17
5172;5;CHIGORODO;edilverbm;2014-07-17
5190;5;CISNEROS;edilverbm;2014-07-17
5197;5;COCORNA;edilverbm;2014-07-17
5206;5;CONCEPCION;edilverbm;2014-07-17
5209;5;CONCORDIA;edilverbm;2014-07-17
5212;5;COPACABANA;edilverbm;2014-07-17
5234;5;DABEIBA;edilverbm;2014-07-17
5237;5;DON MATIAS;edilverbm;2014-07-17
5250;5;EL BAGRE;edilverbm;2014-07-17
5266;5;ENVIGADO;edilverbm;2014-07-17
5308;5;GIRARDOTA;edilverbm;2014-07-17
5313;5;GRANADA;edilverbm;2014-07-17
5315;5;GUADALUPE;edilverbm;2014-07-17
5347;5;HELICONIA;edilverbm;2014-07-17
5360;5;ITAGUI;edilverbm;2014-07-17
5361;5;ITUANGO;edilverbm;2014-07-17
5376;5;LA CEJA;edilverbm;2014-07-17
5390;5;LA PINTADA;edilverbm;2014-07-17
5400;5;LA UNION;edilverbm;2014-07-17
5467;5;MONTEBELLO;edilverbm;2014-07-17
5480;5;MUTATA;edilverbm;2014-07-17
5490;5;NECOCLI;edilverbm;2014-07-17
5501;5;OLAYA;edilverbm;2014-07-17
5543;5;PEQUE;edilverbm;2014-07-17
5579;5;PUERTO BERRIO;edilverbm;2014-07-17
5591;5;PUERTO TRIUNFO;edilverbm;2014-07-17
5604;5;REMEDIOS;edilverbm;2014-07-17
5628;5;SABANALARGA;edilverbm;2014-07-17
5642;5;SALGAR;edilverbm;2014-07-17
5649;5;SAN CARLOS;edilverbm;2014-07-17
5652;5;SAN FRANCISCO;edilverbm;2014-07-17
5658;5;SAN JOSE DE LA MONTAÑA;edilverbm;2014-07-17
5660;5;SAN LUIS;edilverbm;2014-07-17
5664;5;SAN PEDRO;edilverbm;2014-07-17
5667;5;SAN RAFAEL;edilverbm;2014-07-17
5670;5;SAN ROQUE;edilverbm;2014-07-17
5686;5;SANTA ROSA DE OSOS;edilverbm;2014-07-17
5697;5;SANTUARIO;edilverbm;2014-07-17
5736;5;SEGOVIA;edilverbm;2014-07-17
5761;5;SOPETRAN;edilverbm;2014-07-17
5790;5;TARAZA;edilverbm;2014-07-17
5809;5;TITIRIBI;edilverbm;2014-07-17
5842;5;URAMITA;edilverbm;2014-07-17
5854;5;VALDIVIA;edilverbm;2014-07-17
5858;5;VEGACHI;edilverbm;2014-07-17
5873;5;VIGIA DEL FUERTE;edilverbm;2014-07-17
5887;5;YARUMAL;edilverbm;2014-07-17
5001;5;MEDELLIN;edilverbm;2014-07-17
5240;5;EBEJICO;edilverbm;2014-07-17
5264;5;ENTRERRIOS;edilverbm;2014-07-17
5282;5;FREDONIA;edilverbm;2014-07-17
5306;5;GIRALDO;edilverbm;2014-07-17
5310;5;GOMEZ PLATA;edilverbm;2014-07-17
5318;5;GUARNE;edilverbm;2014-07-17
5321;5;GUATAPE;edilverbm;2014-07-17
5353;5;HISPANIA;edilverbm;2014-07-17
5364;5;JARDIN;edilverbm;2014-07-17
5368;5;JERICO;edilverbm;2014-07-17
5380;5;LA ESTRELLA;edilverbm;2014-07-17
5411;5;LIBORINA;edilverbm;2014-07-17
5440;5;MARINILLA;edilverbm;2014-07-17
5475;5;MURINDO;edilverbm;2014-07-17
5483;5;NARIÑO;edilverbm;2014-07-17
5495;5;NECHI;edilverbm;2014-07-17
5541;5;PEÑOL;edilverbm;2014-07-17
5576;5;PUEBLORRICO;edilverbm;2014-07-17
5585;5;PUERTO NARE (LA MAGDALENA);edilverbm;2014-07-17
5615;5;RIONEGRO;edilverbm;2014-07-17
5631;5;SABANETA;edilverbm;2014-07-17
5647;5;SAN ANDRES;edilverbm;2014-07-17
5656;5;SAN JERONIMO;edilverbm;2014-07-17
5659;5;SAN JUAN DE URABA;edilverbm;2014-07-17
5665;5;SAN PEDRO DE URABA;edilverbm;2014-07-17
5679;5;SANTA BARBARA;edilverbm;2014-07-17
5690;5;SANTO DOMINGO;edilverbm;2014-07-17
5756;5;SONSON;edilverbm;2014-07-17
5789;5;TAMESIS;edilverbm;2014-07-17
5792;5;TARSO;edilverbm;2014-07-17
5819;5;TOLEDO;edilverbm;2014-07-17
5837;5;TURBO;edilverbm;2014-07-17
5847;5;URRAO;edilverbm;2014-07-17
5856;5;VALPARAISO;edilverbm;2014-07-17
5861;5;VENECIA;edilverbm;2014-07-17
5885;5;YALI;edilverbm;2014-07-17
5890;5;YOLOMBO;edilverbm;2014-07-17
5895;5;ZARAGOZA;edilverbm;2014-07-17
5030;5;AMAGA;edilverbm;2014-07-17
5051;5;ARBOLETES;edilverbm;2014-07-17
5120;5;CACERES;edilverbm;2014-07-17
5154;5;CAUCASIA;edilverbm;2014-07-17
5284;5;FRONTINO;edilverbm;2014-07-17
5425;5;MACEO;edilverbm;2014-07-17
5607;5;RETIRO;edilverbm;2014-07-17
5674;5;SAN VICENTE;edilverbm;2014-07-17
5893;5;YONDO (CASABE);edilverbm;2014-07-17
8001;8;BARRANQUILLA;edilverbm;2014-07-17
8137;8;CAMPO DE LA CRUZ;edilverbm;2014-07-17
8296;8;GALAPA;edilverbm;2014-07-17
8421;8;LURUACO;edilverbm;2014-07-17
8433;8;MALAMBO;edilverbm;2014-07-17
8520;8;PALMAR DE VARELA;edilverbm;2014-07-17
8558;8;POLONUEVO;edilverbm;2014-07-17
8573;8;PUERTO COLOMBIA;edilverbm;2014-07-17
8634;8;SABANAGRANDE;edilverbm;2014-07-17
8675;8;SANTA LUCIA;edilverbm;2014-07-17
8758;8;SOLEDAD;edilverbm;2014-07-17
8770;8;SUAN;edilverbm;2014-07-17
8078;8;BARANOA;edilverbm;2014-07-17
8141;8;CANDELARIA;edilverbm;2014-07-17
8372;8;JUAN DE ACOSTA;edilverbm;2014-07-17
8436;8;MANATI;edilverbm;2014-07-17
8549;8;PIOJO;edilverbm;2014-07-17
8560;8;PONEDERA;edilverbm;2014-07-17
8606;8;REPELON;edilverbm;2014-07-17
8638;8;SABANALARGA;edilverbm;2014-07-17
8685;8;SANTO TOMAS;edilverbm;2014-07-17
8832;8;TUBARA;edilverbm;2014-07-17
8849;8;USIACURI;edilverbm;2014-07-17
11001;11;BOGOTA D.C.;edilverbm;2014-07-17
99775;13;PILETA;edilverbm;2014-07-17
13222;13;CLEMENCIA;edilverbm;2014-07-17
13001;13;CARTAGENA;edilverbm;2014-07-17
13030;13;ALTOS DEL ROSARIO;edilverbm;2014-07-17
13052;13;ARJONA;edilverbm;2014-07-17
13074;13;BARRANCO DE LOBA;edilverbm;2014-07-17
13140;13;CALAMAR;edilverbm;2014-07-17
13188;13;CICUCO;edilverbm;2014-07-17
13244;13;EL CARMEN DE BOLIVAR;edilverbm;2014-07-17
13248;13;EL GUAMO;edilverbm;2014-07-17
13268;13;EL PEÑON;edilverbm;2014-07-17
13300;13;HATILLO DE LOBA;edilverbm;2014-07-17
13430;13;MAGANGUE;edilverbm;2014-07-17
13433;13;MAHATES;edilverbm;2014-07-17
13440;13;MARGARITA;edilverbm;2014-07-17
13458;13;MONTECRISTO;edilverbm;2014-07-17
13468;13;MOMPOS;edilverbm;2014-07-17
13473;13;MORALES;edilverbm;2014-07-17
13549;13;PINILLOS;edilverbm;2014-07-17
13580;13;REGIDOR;edilverbm;2014-07-17
13600;13;RIO VIEJO;edilverbm;2014-07-17
13620;13;SAN CRISTOBAL;edilverbm;2014-07-17
13647;13;SAN ESTANISLAO;edilverbm;2014-07-17
13650;13;SAN FERNANDO;edilverbm;2014-07-17
13654;13;SAN JACINTO;edilverbm;2014-07-17
13655;13;SAN JACINTO DEL CAUCA;edilverbm;2014-07-17
13657;13;SAN JUAN NEPOMUCENO;edilverbm;2014-07-17
13667;13;SAN MARTIN DE LOBA;edilverbm;2014-07-17
13673;13;SANTA CATALINA;edilverbm;2014-07-17
13683;13;SANTA ROSA;edilverbm;2014-07-17
13688;13;SANTA ROSA DEL SUR;edilverbm;2014-07-17
13744;13;SIMITI;edilverbm;2014-07-17
13760;13;SOPLAVIENTO;edilverbm;2014-07-17
13780;13;TALAIGUA NUEVO;edilverbm;2014-07-17
13810;13;TIQUISIO (PUERTO RICO);edilverbm;2014-07-17
13836;13;TURBACO;edilverbm;2014-07-17
13838;13;TURBANA;edilverbm;2014-07-17
13873;13;VILLANUEVA;edilverbm;2014-07-17
13006;13;ACHI;edilverbm;2014-07-17
13042;13;ARENAL;edilverbm;2014-07-17
13062;13;ARROYOHONDO;edilverbm;2014-07-17
13160;13;CANTAGALLO;edilverbm;2014-07-17
13212;13;CORDOBA;edilverbm;2014-07-17
13442;13;MARIA LA BAJA;edilverbm;2014-07-17
13670;13;SAN PABLO;edilverbm;2014-07-17
13894;13;ZAMBRANO;edilverbm;2014-07-17
15001;15;TUNJA;edilverbm;2014-07-17
15022;15;ALMEIDA;edilverbm;2014-07-17
15047;15;AQUITANIA;edilverbm;2014-07-17
15051;15;ARCABUCO;edilverbm;2014-07-17
15087;15;BELEN;edilverbm;2014-07-17
15090;15;BERBEO;edilverbm;2014-07-17
15092;15;BETEITIVA;edilverbm;2014-07-17
15097;15;BOAVITA;edilverbm;2014-07-17
15104;15;BOYACA;edilverbm;2014-07-17
15106;15;BRICEÑO;edilverbm;2014-07-17
15114;15;BUSBANZA;edilverbm;2014-07-17
15131;15;CALDAS;edilverbm;2014-07-17
15162;15;CERINZA;edilverbm;2014-07-17
15172;15;CHINAVITA;edilverbm;2014-07-17
15180;15;CHISCAS;edilverbm;2014-07-17
15185;15;CHITARAQUE;edilverbm;2014-07-17
15189;15;CIENEGA;edilverbm;2014-07-17
15212;15;COPER;edilverbm;2014-07-17
15218;15;COVARACHIA;edilverbm;2014-07-17
15223;15;CUBARA;edilverbm;2014-07-17
15226;15;CUITIVA;edilverbm;2014-07-17
15244;15;EL COCUY;edilverbm;2014-07-17
15272;15;FIRAVITOBA;edilverbm;2014-07-17
15293;15;GACHANTIVA;edilverbm;2014-07-17
15296;15;GAMEZA;edilverbm;2014-07-17
15317;15;GUACAMAYAS;edilverbm;2014-07-17
15325;15;GUAYATA;edilverbm;2014-07-17
15362;15;IZA;edilverbm;2014-07-17
15368;15;JERICO;edilverbm;2014-07-17
15380;15;LA CAPILLA;edilverbm;2014-07-17
15407;15;VILLA DE LEYVA;edilverbm;2014-07-17
15442;15;MARIPI;edilverbm;2014-07-17
15464;15;MONGUA;edilverbm;2014-07-17
15466;15;MONGUI;edilverbm;2014-07-17
15476;15;MOTAVITA;edilverbm;2014-07-17
15491;15;NOBSA;edilverbm;2014-07-17
15500;15;OICATA;edilverbm;2014-07-17
15511;15;PACHAVITA;edilverbm;2014-07-17
15514;15;PAEZ;edilverbm;2014-07-17
15522;15;PANQUEBA;edilverbm;2014-07-17
15531;15;PAUNA;edilverbm;2014-07-17
15542;15;PESCA;edilverbm;2014-07-17
15580;15;QUIPAMA;edilverbm;2014-07-17
15599;15;RAMIRIQUI;edilverbm;2014-07-17
15621;15;RONDON;edilverbm;2014-07-17
15638;15;SACHICA;edilverbm;2014-07-17
15660;15;SAN EDUARDO;edilverbm;2014-07-17
15667;15;SAN LUIS DE GACENO;edilverbm;2014-07-17
15673;15;SAN MATEO;edilverbm;2014-07-17
15681;15;SAN PABLO DE BORBUR;edilverbm;2014-07-17
15693;15;SANTA ROSA DE VITERBO;edilverbm;2014-07-17
15696;15;SANTA SOFIA;edilverbm;2014-07-17
15723;15;SATIVASUR;edilverbm;2014-07-17
15753;15;SOATA;edilverbm;2014-07-17
15755;15;SOCOTA;edilverbm;2014-07-17
15761;15;SOMONDOCO;edilverbm;2014-07-17
15762;15;SORA;edilverbm;2014-07-17
15764;15;SORACA;edilverbm;2014-07-17
15776;15;SUTAMARCHAN;edilverbm;2014-07-17
15790;15;TASCO;edilverbm;2014-07-17
15808;15;TINJACA;edilverbm;2014-07-17
15810;15;TIPACOQUE;edilverbm;2014-07-17
15820;15;TOPAGA;edilverbm;2014-07-17
15832;15;TUNUNGUA;edilverbm;2014-07-17
15837;15;TUTA;edilverbm;2014-07-17
15842;15;UMBITA;edilverbm;2014-07-17
15879;15;VIRACACHA;edilverbm;2014-07-17
15897;15;ZETAQUIRA;edilverbm;2014-07-17
15135;15;CAMPOHERMOSO;edilverbm;2014-07-17
15176;15;CHIQUINQUIRA;edilverbm;2014-07-17
15183;15;CHITA;edilverbm;2014-07-17
15187;15;CHIVATA;edilverbm;2014-07-17
15204;15;COMBITA;edilverbm;2014-07-17
15215;15;CORRALES;edilverbm;2014-07-17
15224;15;CUCAITA;edilverbm;2014-07-17
15232;15;CHIQUIZA;edilverbm;2014-07-17
15238;15;DUITAMA;edilverbm;2014-07-17
15248;15;EL ESPINO;edilverbm;2014-07-17
15276;15;FLORESTA;edilverbm;2014-07-17
15299;15;GARAGOA;edilverbm;2014-07-17
15322;15;GUATEQUE;edilverbm;2014-07-17
15332;15;GUICAN;edilverbm;2014-07-17
15367;15;JENESANO;edilverbm;2014-07-17
15377;15;LABRANZAGRANDE;edilverbm;2014-07-17
15403;15;LA UVITA;edilverbm;2014-07-17
15425;15;MACANAL;edilverbm;2014-07-17
15455;15;MIRAFLORES;edilverbm;2014-07-17
15469;15;MONIQUIRA;edilverbm;2014-07-17
15480;15;MUZO;edilverbm;2014-07-17
15494;15;NUEVO COLON;edilverbm;2014-07-17
15507;15;OTANCHE;edilverbm;2014-07-17
15516;15;PAIPA;edilverbm;2014-07-17
15518;15;PAJARITO;edilverbm;2014-07-17
15533;15;PAYA;edilverbm;2014-07-17
15537;15;PAZ DE RIO;edilverbm;2014-07-17
15572;15;PUERTO BOYACA;edilverbm;2014-07-17
15600;15;RAQUIRA;edilverbm;2014-07-17
15632;15;SABOYA;edilverbm;2014-07-17
15646;15;SAMACA;edilverbm;2014-07-17
15664;15;SAN JOSE DE PARE;edilverbm;2014-07-17
15676;15;SAN MIGUEL DE SEMA;edilverbm;2014-07-17
15690;15;SANTA MARIA;edilverbm;2014-07-17
15720;15;SATIVANORTE;edilverbm;2014-07-17
15740;15;SIACHOQUE;edilverbm;2014-07-17
15757;15;SOCHA;edilverbm;2014-07-17
15759;15;SOGAMOSO;edilverbm;2014-07-17
15763;15;SOTAQUIRA;edilverbm;2014-07-17
15774;15;SUSACON;edilverbm;2014-07-17
15778;15;SUTATENZA;edilverbm;2014-07-17
15798;15;TENZA;edilverbm;2014-07-17
15806;15;TIBASOSA;edilverbm;2014-07-17
15814;15;TOCA;edilverbm;2014-07-17
15816;15;TOGUI;edilverbm;2014-07-17
15822;15;TOTA;edilverbm;2014-07-17
15835;15;TURMEQUE;edilverbm;2014-07-17
15839;15;TUTASA;edilverbm;2014-07-17
15861;15;VENTAQUEMADA;edilverbm;2014-07-17
15109;15;BUENAVISTA;edilverbm;2014-07-17
15236;15;CHIVOR;edilverbm;2014-07-17
15401;15;LA VICTORIA;edilverbm;2014-07-17
15550;15;PISVA;edilverbm;2014-07-17
15686;15;SANTANA;edilverbm;2014-07-17
15804;15;TIBANA;edilverbm;2014-07-17
17013;17;AGUADAS;edilverbm;2014-07-17
17042;17;ANSERMA;edilverbm;2014-07-17
17088;17;BELALCAZAR;edilverbm;2014-07-17
17174;17;CHINCHINA;edilverbm;2014-07-17
17272;17;FILADELFIA;edilverbm;2014-07-17
17380;17;LA DORADA;edilverbm;2014-07-17
17388;17;LA MERCED;edilverbm;2014-07-17
17433;17;MANZANARES;edilverbm;2014-07-17
17442;17;MARMATO;edilverbm;2014-07-17
17444;17;MARQUETALIA;edilverbm;2014-07-17
17446;17;MARULANDA;edilverbm;2014-07-17
17486;17;NEIRA;edilverbm;2014-07-17
17513;17;PACORA;edilverbm;2014-07-17
17524;17;PALESTINA;edilverbm;2014-07-17
17541;17;PENSILVANIA;edilverbm;2014-07-17
17614;17;RIOSUCIO;edilverbm;2014-07-17
17616;17;RISARALDA;edilverbm;2014-07-17
17653;17;SALAMINA;edilverbm;2014-07-17
17662;17;SAMANA;edilverbm;2014-07-17
17665;17;SAN JOSE;edilverbm;2014-07-17
17777;17;SUPIA;edilverbm;2014-07-17
17867;17;VICTORIA;edilverbm;2014-07-17
17877;17;VITERBO;edilverbm;2014-07-17
17001;17;MANIZALES;edilverbm;2014-07-17
17050;17;ARANZAZU;edilverbm;2014-07-17
17495;17;NORCASIA;edilverbm;2014-07-17
17873;17;VILLAMARIA;edilverbm;2014-07-17
18001;18;FLORENCIA;edilverbm;2014-07-17
18029;18;ALBANIA;edilverbm;2014-07-17
18094;18;BELEN DE LOS ANDAQUIES;edilverbm;2014-07-17
18150;18;CARTAGENA DEL CHAIRA;edilverbm;2014-07-17
18205;18;CURILLO;edilverbm;2014-07-17
18247;18;EL DONCELLO;edilverbm;2014-07-17
18256;18;EL PAUJIL;edilverbm;2014-07-17
18410;18;LA MONTAÑITA;edilverbm;2014-07-17
18460;18;MILAN;edilverbm;2014-07-17
18479;18;MORELIA;edilverbm;2014-07-17
18610;18;SAN JOSE DEL FRAGUA;edilverbm;2014-07-17
18753;18;SAN VICENTE DEL CAGUAN;edilverbm;2014-07-17
18756;18;SOLANO;edilverbm;2014-07-17
18785;18;SOLITA;edilverbm;2014-07-17
18860;18;VALPARAISO;edilverbm;2014-07-17
18592;18;PUERTO RICO;edilverbm;2014-07-17
19001;19;POPAYAN;edilverbm;2014-07-17
19022;19;ALMAGUER;edilverbm;2014-07-17
19050;19;ARGELIA;edilverbm;2014-07-17
19100;19;BOLIVAR;edilverbm;2014-07-17
19130;19;CAJIBIO;edilverbm;2014-07-17
19142;19;CALOTO;edilverbm;2014-07-17
19290;19;FLORENCIA;edilverbm;2014-07-17
19364;19;JAMBALO;edilverbm;2014-07-17
19397;19;LA VEGA;edilverbm;2014-07-17
19418;19;LOPEZ (MICAY);edilverbm;2014-07-17
19455;19;MIRANDA;edilverbm;2014-07-17
19513;19;PADILLA;edilverbm;2014-07-17
19532;19;PATIA(EL BORDO);edilverbm;2014-07-17
19533;19;PIAMONTE;edilverbm;2014-07-17
19573;19;PUERTO TEJADA;edilverbm;2014-07-17
19585;19;PURACE (COCONUCO);edilverbm;2014-07-17
19701;19;SANTA ROSA;edilverbm;2014-07-17
19760;19;SOTARA (PAISPAMBA);edilverbm;2014-07-17
19785;19;SUCRE;edilverbm;2014-07-17
19809;19;TIMBIQUI;edilverbm;2014-07-17
19824;19;TOTORO;edilverbm;2014-07-17
19075;19;BALBOA;edilverbm;2014-07-17
19110;19;BUENOS AIRES;edilverbm;2014-07-17
19137;19;CALDONO;edilverbm;2014-07-17
19212;19;CORINTO;edilverbm;2014-07-17
19318;19;GUAPI;edilverbm;2014-07-17
19355;19;INZA;edilverbm;2014-07-17
19392;19;LA SIERRA;edilverbm;2014-07-17
19450;19;MERCADERES;edilverbm;2014-07-17
19473;19;MORALES;edilverbm;2014-07-17
19517;19;PAEZ (BELALCAZAR);edilverbm;2014-07-17
19548;19;PIENDAMO;edilverbm;2014-07-17
19622;19;ROSAS;edilverbm;2014-07-17
19693;19;SAN SEBASTIAN;edilverbm;2014-07-17
19743;19;SILVIA;edilverbm;2014-07-17
19780;19;SUAREZ;edilverbm;2014-07-17
19807;19;TIMBIO;edilverbm;2014-07-17
19821;19;TORIBIO;edilverbm;2014-07-17
19845;19;VILLA RICA;edilverbm;2014-07-17
19256;19;EL TAMBO;edilverbm;2014-07-17
19698;19;SANTANDER DE QUILICHAO;edilverbm;2014-07-17
20788;20;CODAZZI;edilverbm;2014-07-17
20001;20;VALLEDUPAR;edilverbm;2014-07-17
20011;20;AGUACHICA;edilverbm;2014-07-17
20032;20;ASTREA;edilverbm;2014-07-17
20045;20;BECERRIL;edilverbm;2014-07-17
20175;20;CHIMICHAGUA;edilverbm;2014-07-17
20228;20;CURUMANI;edilverbm;2014-07-17
20250;20;EL PASO;edilverbm;2014-07-17
20295;20;GAMARRA;edilverbm;2014-07-17
20383;20;LA GLORIA;edilverbm;2014-07-17
20443;20;MANAURE BALCON DEL CESAR;edilverbm;2014-07-17
20517;20;PAILITAS;edilverbm;2014-07-17
20570;20;PUEBLO BELLO;edilverbm;2014-07-17
20710;20;SAN ALBERTO;edilverbm;2014-07-17
20770;20;SAN MARTIN;edilverbm;2014-07-17
20013;20;AGUSTIN CODAZZI;edilverbm;2014-07-17
20060;20;BOSCONIA;edilverbm;2014-07-17
20178;20;CHIRIGUANA;edilverbm;2014-07-17
20238;20;EL COPEY;edilverbm;2014-07-17
20310;20;GONZALEZ;edilverbm;2014-07-17
20400;20;LA JAGUA DE IBIRICO;edilverbm;2014-07-17
20550;20;PELAYA;edilverbm;2014-07-17
20614;20;RIO DE ORO;edilverbm;2014-07-17
20750;20;SAN DIEGO;edilverbm;2014-07-17
20787;20;TAMALAMEQUE;edilverbm;2014-07-17
20621;20;LA PAZ (ROBLES);edilverbm;2014-07-17
23001;23;MONTERIA;edilverbm;2014-07-17
23068;23;AYAPEL;edilverbm;2014-07-17
23090;23;CANALETE;edilverbm;2014-07-17
23168;23;CHIMA;edilverbm;2014-07-17
23189;23;CIENAGA DE ORO;edilverbm;2014-07-17
23350;23;LA APARTADA (LA FRONTERA);edilverbm;2014-07-17
23419;23;LOS CORDOBAS;edilverbm;2014-07-17
23466;23;MONTELIBANO;edilverbm;2014-07-17
23555;23;PLANETA RICA;edilverbm;2014-07-17
23574;23;PUERTO ESCONDIDO;edilverbm;2014-07-17
23586;23;PURISIMA;edilverbm;2014-07-17
23660;23;SAHAGUN;edilverbm;2014-07-17
23675;23;SAN BERNARDO DEL VIENTO;edilverbm;2014-07-17
23686;23;SAN PELAYO;edilverbm;2014-07-17
23807;23;TIERRALTA;edilverbm;2014-07-17
23580;23;PUERTO LIBERTADOR;edilverbm;2014-07-17
23672;23;SAN ANTERO;edilverbm;2014-07-17
23678;23;SAN CARLOS;edilverbm;2014-07-17
23855;23;VALENCIA;edilverbm;2014-07-17
23079;23;BUENAVISTA;edilverbm;2014-07-17
23162;23;CERETE;edilverbm;2014-07-17
23182;23;CHINU;edilverbm;2014-07-17
23300;23;COTORRA;edilverbm;2014-07-17
23417;23;LORICA;edilverbm;2014-07-17
23464;23;MOMIL;edilverbm;2014-07-17
23500;23;MOÑITOS;edilverbm;2014-07-17
23570;23;PUEBLO NUEVO;edilverbm;2014-07-17
23670;23;SAN ANDRES SOTAVENTO;edilverbm;2014-07-17
25001;25;AGUA DE DIOS;edilverbm;2014-07-17
25035;25;ANAPOIMA;edilverbm;2014-07-17
25053;25;ARBELAEZ;edilverbm;2014-07-17
25095;25;BITUIMA;edilverbm;2014-07-17
25120;25;CABRERA;edilverbm;2014-07-17
25123;25;CACHIPAY;edilverbm;2014-07-17
25148;25;CAPARRAPI;edilverbm;2014-07-17
25154;25;CARMEN DE CARUPA;edilverbm;2014-07-17
25175;25;CHIA;edilverbm;2014-07-17
25178;25;CHIPAQUE;edilverbm;2014-07-17
25181;25;CHOACHI;edilverbm;2014-07-17
25183;25;CHOCONTA;edilverbm;2014-07-17
25200;25;COGUA;edilverbm;2014-07-17
25214;25;COTA;edilverbm;2014-07-17
25224;25;CUCUNUBA;edilverbm;2014-07-17
25245;25;EL COLEGIO;edilverbm;2014-07-17
25258;25;EL PEÑON;edilverbm;2014-07-17
25260;25;EL ROSAL;edilverbm;2014-07-17
25269;25;FACATATIVA;edilverbm;2014-07-17
25281;25;FOSCA;edilverbm;2014-07-17
25286;25;FUNZA;edilverbm;2014-07-17
25288;25;FUQUENE;edilverbm;2014-07-17
25290;25;FUSAGASUGA;edilverbm;2014-07-17
25293;25;GACHALA;edilverbm;2014-07-17
25295;25;GACHANCIPA;edilverbm;2014-07-17
25297;25;GACHETA;edilverbm;2014-07-17
25299;25;GAMA;edilverbm;2014-07-17
25307;25;GIRARDOT;edilverbm;2014-07-17
25317;25;GUACHETA;edilverbm;2014-07-17
25320;25;GUADUAS;edilverbm;2014-07-17
25322;25;GUASCA;edilverbm;2014-07-17
25324;25;GUATAQUI;edilverbm;2014-07-17
25326;25;GUATAVITA;edilverbm;2014-07-17
25328;25;GUAYABAL DE SIQUIMA;edilverbm;2014-07-17
25335;25;GUAYABETAL;edilverbm;2014-07-17
25339;25;GUTIERREZ;edilverbm;2014-07-17
25368;25;JERUSALEN;edilverbm;2014-07-17
25372;25;JUNIN;edilverbm;2014-07-17
25386;25;LA MESA;edilverbm;2014-07-17
25394;25;LA PALMA;edilverbm;2014-07-17
25398;25;LA PEÑA;edilverbm;2014-07-17
25402;25;LA VEGA;edilverbm;2014-07-17
25407;25;LENGUAZAQUE;edilverbm;2014-07-17
25426;25;MACHETA;edilverbm;2014-07-17
25430;25;MADRID;edilverbm;2014-07-17
25436;25;MANTA;edilverbm;2014-07-17
25438;25;MEDINA;edilverbm;2014-07-17
25473;25;MOSQUERA;edilverbm;2014-07-17
25486;25;NEMOCON;edilverbm;2014-07-17
25488;25;NILO;edilverbm;2014-07-17
25491;25;NOCAIMA;edilverbm;2014-07-17
25513;25;PACHO;edilverbm;2014-07-17
25518;25;PAIME;edilverbm;2014-07-17
25524;25;PANDI;edilverbm;2014-07-17
25535;25;PASCA;edilverbm;2014-07-17
25580;25;PULI;edilverbm;2014-07-17
25592;25;QUEBRADANEGRA;edilverbm;2014-07-17
25612;25;RICAURTE;edilverbm;2014-07-17
25645;25;SAN ANTONIO DE TEQUENDAMA;edilverbm;2014-07-17
25649;25;SAN BERNARDO;edilverbm;2014-07-17
25658;25;SAN FRANCISCO;edilverbm;2014-07-17
25718;25;SASAIMA;edilverbm;2014-07-17
25736;25;SESQUILE;edilverbm;2014-07-17
25740;25;SIBATE;edilverbm;2014-07-17
25745;25;SIMIJACA;edilverbm;2014-07-17
25758;25;SOPO;edilverbm;2014-07-17
25772;25;SUESCA;edilverbm;2014-07-17
25785;25;TABIO;edilverbm;2014-07-17
25793;25;TAUSA;edilverbm;2014-07-17
25799;25;TENJO;edilverbm;2014-07-17
25807;25;TIBIRITA;edilverbm;2014-07-17
25817;25;TOCANCIPA;edilverbm;2014-07-17
25839;25;UBALA;edilverbm;2014-07-17
25843;25;UBATE;edilverbm;2014-07-17
25851;25;UTICA;edilverbm;2014-07-17
25867;25;VIANI;edilverbm;2014-07-17
25878;25;VIOTA;edilverbm;2014-07-17
25898;25;ZIPACON;edilverbm;2014-07-17
25019;25;ALBAN;edilverbm;2014-07-17
25040;25;ANOLAIMA;edilverbm;2014-07-17
25086;25;BELTRAN;edilverbm;2014-07-17
25099;25;BOJACA nuevo;edilverbm;2014-07-17
25126;25;CAJICA;edilverbm;2014-07-17
25151;25;CAQUEZA;edilverbm;2014-07-17
25168;25;CHAGUANI;edilverbm;2014-07-17
25489;25;NIMAIMA;edilverbm;2014-07-17
25506;25;VENECIA (OSPINA PEREZ);edilverbm;2014-07-17
25530;25;PARATEBUENO;edilverbm;2014-07-17
25572;25;PUERTO SALGAR;edilverbm;2014-07-17
25594;25;QUETAME;edilverbm;2014-07-17
25599;25;RAFAEL REYES (APULO);edilverbm;2014-07-17
25653;25;SAN CAYETANO;edilverbm;2014-07-17
25662;25;SAN JUAN DE RIO SECO;edilverbm;2014-07-17
25743;25;SILVANIA;edilverbm;2014-07-17
25754;25;SOACHA;edilverbm;2014-07-17
25769;25;SUBACHOQUE;edilverbm;2014-07-17
25779;25;SUSA;edilverbm;2014-07-17
25781;25;SUTATAUSA;edilverbm;2014-07-17
25797;25;TENA;edilverbm;2014-07-17
25805;25;TIBACUY;edilverbm;2014-07-17
25815;25;TOCAIMA;edilverbm;2014-07-17
25823;25;TOPAIPI;edilverbm;2014-07-17
25841;25;UBAQUE;edilverbm;2014-07-17
25845;25;UNE;edilverbm;2014-07-17
25862;25;VERGARA;edilverbm;2014-07-17
25871;25;VILLAGOMEZ;edilverbm;2014-07-17
25875;25;VILLETA;edilverbm;2014-07-17
25885;25;YACOPI;edilverbm;2014-07-17
25899;25;ZIPAQUIRA;edilverbm;2014-07-17
25279;25;FOMEQUE;edilverbm;2014-07-17
25312;25;GRANADA;edilverbm;2014-07-17
25377;25;LA CALERA;edilverbm;2014-07-17
25483;25;NARIÑO;edilverbm;2014-07-17
25596;25;QUIPILE;edilverbm;2014-07-17
25777;25;SUPATA;edilverbm;2014-07-17
25873;25;VILLAPINZON;edilverbm;2014-07-17
27001;27;QUIBDO;edilverbm;2014-07-17
27006;27;ACANDI;edilverbm;2014-07-17
27050;27;ATRATO (YUTO);edilverbm;2014-07-17
27073;27;BAGADO;edilverbm;2014-07-17
27075;27;BAHIA SOLANO (MUTIS);edilverbm;2014-07-17
27086;27;BELEN DE BAJIRA;edilverbm;2014-07-17
27099;27;BOJAYA (BELLAVISTA);edilverbm;2014-07-17
27150;27;CARMEN DEL DARIEN;edilverbm;2014-07-17
27160;27;CERTEGUI;edilverbm;2014-07-17
27250;27;EL LITORAL DEL SAN JUAN;edilverbm;2014-07-17
27372;27;JURADO;edilverbm;2014-07-17
27425;27;MEDIO ATRATO;edilverbm;2014-07-17
27450;27;MEDIO SAN JUAN;edilverbm;2014-07-17
27491;27;NOVITA;edilverbm;2014-07-17
27580;27;RIO IRO;edilverbm;2014-07-17
27615;27;RIOSUCIO;edilverbm;2014-07-17
27745;27;SIPI;edilverbm;2014-07-17
27787;27;TADO;edilverbm;2014-07-17
27810;27;UNION PANAMERICANA;edilverbm;2014-07-17
27025;27;ALTO BAUDO (PIE DE PATO);edilverbm;2014-07-17
27077;27;BAJO BAUDO   (PIZARRO);edilverbm;2014-07-17
27135;27;CANTON DEL SAN PABLO;edilverbm;2014-07-17
27245;27;EL CARMEN;edilverbm;2014-07-17
27361;27;ITSMINA;edilverbm;2014-07-17
27413;27;LLORO;edilverbm;2014-07-17
27430;27;MEDIO BAUDO;edilverbm;2014-07-17
27495;27;NUQUI;edilverbm;2014-07-17
27600;27;RIO QUITO;edilverbm;2014-07-17
27660;27;SAN JOSE DEL PALMAR;edilverbm;2014-07-17
27800;27;UNGUIA;edilverbm;2014-07-17
27205;27;CONDOTO;edilverbm;2014-07-17
41016;41;AIPE;edilverbm;2014-07-17
41026;41;ALTAMIRA;edilverbm;2014-07-17
41132;41;CAMPOALEGRE;edilverbm;2014-07-17
41244;41;ELIAS;edilverbm;2014-07-17
41298;41;GARZON;edilverbm;2014-07-17
41319;41;GUADALUPE;edilverbm;2014-07-17
41357;41;IQUIRA;edilverbm;2014-07-17
41396;41;LA PLATA;edilverbm;2014-07-17
41483;41;NATAGA;edilverbm;2014-07-17
41530;41;PALESTINA;edilverbm;2014-07-17
41551;41;PITALITO;edilverbm;2014-07-17
41660;41;SALADOBLANCO;edilverbm;2014-07-17
41676;41;SANTA MARIA;edilverbm;2014-07-17
41791;41;TARQUI;edilverbm;2014-07-17
41797;41;TESALIA;edilverbm;2014-07-17
41799;41;TELLO;edilverbm;2014-07-17
41801;41;TERUEL;edilverbm;2014-07-17
41807;41;TIMANA;edilverbm;2014-07-17
41872;41;VILLAVIEJA;edilverbm;2014-07-17
41885;41;YAGUARA;edilverbm;2014-07-17
41001;41;NEIVA;edilverbm;2014-07-17
41013;41;AGRADO;edilverbm;2014-07-17
41020;41;ALGECIRAS;edilverbm;2014-07-17
41078;41;BARAYA;edilverbm;2014-07-17
41206;41;COLOMBIA;edilverbm;2014-07-17
41306;41;GIGANTE;edilverbm;2014-07-17
41349;41;HOBO;edilverbm;2014-07-17
41359;41;ISNOS;edilverbm;2014-07-17
41378;41;LA ARGENTINA;edilverbm;2014-07-17
41503;41;OPORAPA;edilverbm;2014-07-17
41524;41;PALERMO;edilverbm;2014-07-17
41548;41;PITAL;edilverbm;2014-07-17
41615;41;RIVERA;edilverbm;2014-07-17
41668;41;SAN AGUSTIN;edilverbm;2014-07-17
41006;41;ACEVEDO;edilverbm;2014-07-17
41518;41;PAICOL;edilverbm;2014-07-17
41770;41;SUAZA;edilverbm;2014-07-17
44001;44;RIOHACHA;edilverbm;2014-07-17
44078;44;BARRANCAS;edilverbm;2014-07-17
44090;44;DIBULLA;edilverbm;2014-07-17
44098;44;DISTRACCION;edilverbm;2014-07-17
44110;44;EL MOLINO;edilverbm;2014-07-17
44279;44;FONSECA;edilverbm;2014-07-17
44378;44;HATONUEVO;edilverbm;2014-07-17
44420;44;LA JAGUA DEL PILAR;edilverbm;2014-07-17
44430;44;MAICAO;edilverbm;2014-07-17
44560;44;MANAURE;edilverbm;2014-07-17
44650;44;SAN JUAN DEL CESAR;edilverbm;2014-07-17
44855;44;URUMITA;edilverbm;2014-07-17
44874;44;VILLANUEVA;edilverbm;2014-07-17
44035;44;ALBANIA;edilverbm;2014-07-17
44847;44;URIBIA;edilverbm;2014-07-17
47001;47;SANTA MARTA;edilverbm;2014-07-17
47030;47;ALGARROBO;edilverbm;2014-07-17
47053;47;ARACATACA;edilverbm;2014-07-17
47058;47;ARIGUANI (EL DIFICIL);edilverbm;2014-07-17
47161;47;CERRO SAN ANTONIO;edilverbm;2014-07-17
47170;47;CHIVOLO;edilverbm;2014-07-17
47189;47;CIENAGA;edilverbm;2014-07-17
47245;47;EL BANCO;edilverbm;2014-07-17
47258;47;EL PIÑON;edilverbm;2014-07-17
47268;47;EL RETEN;edilverbm;2014-07-17
47288;47;FUNDACION;edilverbm;2014-07-17
47318;47;GUAMAL;edilverbm;2014-07-17
47460;47;NUEVA GRANADA;edilverbm;2014-07-17
47541;47;PEDRAZA;edilverbm;2014-07-17
47545;47;PIJIÑO DEL CARMEN;edilverbm;2014-07-17
47551;47;PIVIJAY;edilverbm;2014-07-17
47555;47;PLATO;edilverbm;2014-07-17
47605;47;REMOLINO;edilverbm;2014-07-17
47660;47;SABANAS DE SAN ANGEL;edilverbm;2014-07-17
47675;47;SALAMINA;edilverbm;2014-07-17
47703;47;SAN ZENON;edilverbm;2014-07-17
47707;47;SANTA ANA;edilverbm;2014-07-17
47720;47;SANTA BARBARA DE PINTO;edilverbm;2014-07-17
47798;47;TENERIFE;edilverbm;2014-07-17
47980;47;ZONA BANANERA;edilverbm;2014-07-17
47692;47;SAN SEBASTIAN DE BUENAVISTA;edilverbm;2014-07-17
47745;47;SITIONUEVO;edilverbm;2014-07-17
47960;47;ZAPAYAN;edilverbm;2014-07-17
47205;47;CONCORDIA;edilverbm;2014-07-17
47570;47;PUEBLOVIEJO;edilverbm;2014-07-17
50270;50;EL DORADO;edilverbm;2014-07-17
50313;50;GRANADA;edilverbm;2014-07-17
50318;50;GUAMAL;edilverbm;2014-07-17
50330;50;MESETAS;edilverbm;2014-07-17
50370;50;LA URIBE;edilverbm;2014-07-17
50400;50;LEJANIAS;edilverbm;2014-07-17
50568;50;PUERTO GAITAN;edilverbm;2014-07-17
50573;50;PUERTO LOPEZ;edilverbm;2014-07-17
50590;50;PUERTO RICO;edilverbm;2014-07-17
50606;50;RESTREPO;edilverbm;2014-07-17
50683;50;SAN JUAN DE ARAMA;edilverbm;2014-07-17
50711;50;VISTA HERMOSA;edilverbm;2014-07-17
50006;50;ACACIAS;edilverbm;2014-07-17
50110;50;BARRANCA DE UPIA;edilverbm;2014-07-17
50150;50;CASTILLA LA NUEVA;edilverbm;2014-07-17
50226;50;CUMARAL;edilverbm;2014-07-17
50001;50;VILLAVICENCIO;edilverbm;2014-07-17
50124;50;CABUYARO;edilverbm;2014-07-17
50223;50;CUBARRAL;edilverbm;2014-07-17
50251;50;EL CASTILLO;edilverbm;2014-07-17
50287;50;FUENTE DE ORO;edilverbm;2014-07-17
50325;50;MAPIRIPAN;edilverbm;2014-07-17
50350;50;LA MACARENA;edilverbm;2014-07-17
50450;50;PUERTO CONCORDIA;edilverbm;2014-07-17
50577;50;PUERTO LLERAS;edilverbm;2014-07-17
50680;50;SAN CARLOS DE GUAROA;edilverbm;2014-07-17
50689;50;SAN MARTIN;edilverbm;2014-07-17
50245;50;EL CALVARIO;edilverbm;2014-07-17
50686;50;SAN JUANITO;edilverbm;2014-07-17
52001;52;PASTO;edilverbm;2014-07-17
52022;52;ALDANA;edilverbm;2014-07-17
52036;52;ANCUYA;edilverbm;2014-07-17
52079;52;BARBACOAS;edilverbm;2014-07-17
52083;52;BELEN;edilverbm;2014-07-17
52203;52;COLON (GENOVA);edilverbm;2014-07-17
52207;52;CONSACA;edilverbm;2014-07-17
52215;52;CORDOBA;edilverbm;2014-07-17
52227;52;CUMBAL;edilverbm;2014-07-17
52233;52;CUMBITARA;edilverbm;2014-07-17
52250;52;EL CHARCO;edilverbm;2014-07-17
52258;52;EL TABLON;edilverbm;2014-07-17
52287;52;FUNES;edilverbm;2014-07-17
52320;52;GUAITARILLA;edilverbm;2014-07-17
52323;52;GUALMATAN;edilverbm;2014-07-17
52356;52;IPIALES;edilverbm;2014-07-17
52381;52;LA FLORIDA;edilverbm;2014-07-17
52390;52;LA TOLA;edilverbm;2014-07-17
52399;52;LA UNION;edilverbm;2014-07-17
52411;52;LINARES;edilverbm;2014-07-17
52427;52;MAGUI (PAYAN);edilverbm;2014-07-17
52480;52;NARIÑO;edilverbm;2014-07-17
52490;52;OLAYA HERRERA;edilverbm;2014-07-17
52520;52;FRANCISCO PIZARRO;edilverbm;2014-07-17
52560;52;POTOSI;edilverbm;2014-07-17
52573;52;PUERRES;edilverbm;2014-07-17
52585;52;PUPIALES;edilverbm;2014-07-17
52621;52;ROBERTO PAYAN (SAN JOSE);edilverbm;2014-07-17
52683;52;SANDONA;edilverbm;2014-07-17
52687;52;SAN LORENZO;edilverbm;2014-07-17
52693;52;SAN PABLO;edilverbm;2014-07-17
52696;52;SANTA BARBARA (ISCUANDE);edilverbm;2014-07-17
52699;52;SANTACRUZ (GUACHAVES);edilverbm;2014-07-17
52786;52;TAMINANGO;edilverbm;2014-07-17
52835;52;TUMACO;edilverbm;2014-07-17
52885;52;YACUANQUER;edilverbm;2014-07-17
52019;52;ALBAN (SAN JOSE);edilverbm;2014-07-17
52051;52;ARBOLEDA (BERRUECOS);edilverbm;2014-07-17
52110;52;BUESACO;edilverbm;2014-07-17
52210;52;CONTADERO;edilverbm;2014-07-17
52224;52;CUASPUD (CARLOSAMA);edilverbm;2014-07-17
52240;52;CHACHAGUI;edilverbm;2014-07-17
52256;52;EL ROSARIO;edilverbm;2014-07-17
52260;52;EL TAMBO;edilverbm;2014-07-17
52317;52;GUACHUCAL;edilverbm;2014-07-17
52352;52;ILES;edilverbm;2014-07-17
52354;52;IMUES;edilverbm;2014-07-17
52378;52;LA CRUZ;edilverbm;2014-07-17
52385;52;LA LLANADA;edilverbm;2014-07-17
52405;52;LEIVA;edilverbm;2014-07-17
52418;52;LOS ANDES (SOTOMAYOR);edilverbm;2014-07-17
52473;52;MOSQUERA;edilverbm;2014-07-17
52506;52;OSPINA;edilverbm;2014-07-17
52540;52;POLICARPA;edilverbm;2014-07-17
52565;52;PROVIDENCIA;edilverbm;2014-07-17
52612;52;RICAURTE;edilverbm;2014-07-17
52678;52;SAMANIEGO;edilverbm;2014-07-17
52685;52;SAN BERNARDO;edilverbm;2014-07-17
52694;52;SAN PEDRO DE CARTAGO;edilverbm;2014-07-17
52720;52;SAPUYES;edilverbm;2014-07-17
52788;52;TANGUA;edilverbm;2014-07-17
52838;52;TUQUERRES;edilverbm;2014-07-17
52254;52;EL PEÑOL;edilverbm;2014-07-17
52435;52;MALLAMA (PIEDRANCHA);edilverbm;2014-07-17
54553;54;PUERTO SANTANDER;edilverbm;2014-07-17
54001;54;CUCUTA;edilverbm;2014-07-17
54003;54;ABREGO;edilverbm;2014-07-17
54051;54;ARBOLEDAS;edilverbm;2014-07-17
54099;54;BOCHALEMA;edilverbm;2014-07-17
54109;54;BUCARASICA;edilverbm;2014-07-17
54125;54;CACOTA;edilverbm;2014-07-17
54128;54;CACHIRA;edilverbm;2014-07-17
54172;54;CHINACOTA;edilverbm;2014-07-17
54174;54;CHITAGA;edilverbm;2014-07-17
54206;54;CONVENCION;edilverbm;2014-07-17
54223;54;CUCUTILLA;edilverbm;2014-07-17
54239;54;DURANIA;edilverbm;2014-07-17
54245;54;EL CARMEN;edilverbm;2014-07-17
54250;54;EL TARRA;edilverbm;2014-07-17
54261;54;EL ZULIA;edilverbm;2014-07-17
54344;54;HACARI;edilverbm;2014-07-17
54347;54;HERRAN;edilverbm;2014-07-17
54377;54;LABATECA;edilverbm;2014-07-17
54385;54;LA ESPERANZA;edilverbm;2014-07-17
54398;54;LA PLAYA;edilverbm;2014-07-17
54405;54;LOS PATIOS;edilverbm;2014-07-17
54418;54;LOURDES;edilverbm;2014-07-17
54480;54;MUTISCUA;edilverbm;2014-07-17
54498;54;OCAÑA;edilverbm;2014-07-17
54518;54;PAMPLONA;edilverbm;2014-07-17
54520;54;PAMPLONITA;edilverbm;2014-07-17
54599;54;RAGONVALIA;edilverbm;2014-07-17
54660;54;SALAZAR;edilverbm;2014-07-17
54670;54;SAN CALIXTO;edilverbm;2014-07-17
54673;54;SAN CAYETANO;edilverbm;2014-07-17
54680;54;SANTIAGO;edilverbm;2014-07-17
54720;54;SARDINATA;edilverbm;2014-07-17
54743;54;SILOS;edilverbm;2014-07-17
54800;54;TEORAMA;edilverbm;2014-07-17
54810;54;TIBU;edilverbm;2014-07-17
54820;54;TOLEDO;edilverbm;2014-07-17
54871;54;VILLA CARO;edilverbm;2014-07-17
54874;54;VILLA DEL ROSARIO;edilverbm;2014-07-17
54313;54;GRAMALOTE;edilverbm;2014-07-17
63130;63;CALARCA;edilverbm;2014-07-17
63001;63;ARMENIA;edilverbm;2014-07-17
63111;63;BUENAVISTA;edilverbm;2014-07-17
63190;63;CIRCASIA;edilverbm;2014-07-17
63212;63;CORDOBA;edilverbm;2014-07-17
63272;63;FILANDIA;edilverbm;2014-07-17
63401;63;LA TEBAIDA;edilverbm;2014-07-17
63548;63;PIJAO;edilverbm;2014-07-17
63690;63;SALENTO;edilverbm;2014-07-17
63302;63;GENOVA;edilverbm;2014-07-17
63470;63;MONTENEGRO;edilverbm;2014-07-17
63594;63;QUIMBAYA;edilverbm;2014-07-17
66383;66;LA CELIA;edilverbm;2014-07-17
66045;66;APIA;edilverbm;2014-07-17
66088;66;BELEN DE UMBRIA;edilverbm;2014-07-17
66318;66;GUATICA;edilverbm;2014-07-17
66440;66;MARSELLA;edilverbm;2014-07-17
66456;66;MISTRATO;edilverbm;2014-07-17
66594;66;QUINCHIA;edilverbm;2014-07-17
66687;66;SANTUARIO;edilverbm;2014-07-17
66001;66;PEREIRA;edilverbm;2014-07-17
66075;66;BALBOA;edilverbm;2014-07-17
66170;66;DOS QUEBRADAS;edilverbm;2014-07-17
66400;66;LA VIRGINIA;edilverbm;2014-07-17
66572;66;PUEBLO RICO;edilverbm;2014-07-17
66682;66;SANTA ROSA DE CABAL;edilverbm;2014-07-17
68132;68;CALIFORNIA;edilverbm;2014-07-17
68276;68;FLORIDABLANCA;edilverbm;2014-07-17
68533;68;PARAMO;edilverbm;2014-07-17
68705;68;SANTA BARBARA;edilverbm;2014-07-17
68001;68;BUCARAMANGA;edilverbm;2014-07-17
68013;68;AGUADA;edilverbm;2014-07-17
68051;68;ARATOCA;edilverbm;2014-07-17
68079;68;BARICHARA;edilverbm;2014-07-17
68092;68;BETULIA;edilverbm;2014-07-17
68101;68;BOLIVAR;edilverbm;2014-07-17
68152;68;CARCASI;edilverbm;2014-07-17
68162;68;CERRITO;edilverbm;2014-07-17
68169;68;CHARTA;edilverbm;2014-07-17
68179;68;CHIPATA;edilverbm;2014-07-17
68207;68;CONCEPCION;edilverbm;2014-07-17
68209;68;CONFINES;edilverbm;2014-07-17
68217;68;COROMORO;edilverbm;2014-07-17
68235;68;EL CARMEN;edilverbm;2014-07-17
68250;68;EL PEÑON;edilverbm;2014-07-17
68255;68;EL PLAYON;edilverbm;2014-07-17
68266;68;ENCISO;edilverbm;2014-07-17
68298;68;GAMBITA;edilverbm;2014-07-17
68318;68;GUACA;edilverbm;2014-07-17
68322;68;GUAPOTA;edilverbm;2014-07-17
68327;68;GUEPSA;edilverbm;2014-07-17
68368;68;JESUS MARIA;edilverbm;2014-07-17
68377;68;LA BELLEZA;edilverbm;2014-07-17
68397;68;LA PAZ;edilverbm;2014-07-17
68418;68;LOS SANTOS;edilverbm;2014-07-17
68425;68;MACARAVITA;edilverbm;2014-07-17
68444;68;MATANZA;edilverbm;2014-07-17
68468;68;MOLAGAVITA;edilverbm;2014-07-17
68500;68;OIBA;edilverbm;2014-07-17
68522;68;PALMAR;edilverbm;2014-07-17
68547;68;PIEDECUESTA;edilverbm;2014-07-17
68572;68;PUENTE NACIONAL;edilverbm;2014-07-17
68575;68;PUERTO WILCHES;edilverbm;2014-07-17
68615;68;RIONEGRO;edilverbm;2014-07-17
68669;68;SAN ANDRES;edilverbm;2014-07-17
68673;68;SAN BENITO;edilverbm;2014-07-17
68682;68;SAN JOAQUIN;edilverbm;2014-07-17
68686;68;SAN MIGUEL;edilverbm;2014-07-17
68689;68;SAN VICENTE DE CHUCURI;edilverbm;2014-07-17
68745;68;SIMACOTA;edilverbm;2014-07-17
68755;68;SOCORRO;edilverbm;2014-07-17
68773;68;SUCRE;edilverbm;2014-07-17
68820;68;TONA;edilverbm;2014-07-17
68861;68;VELEZ;edilverbm;2014-07-17
68867;68;VETAS;edilverbm;2014-07-17
68872;68;VILLANUEVA;edilverbm;2014-07-17
68020;68;ALBANIA;edilverbm;2014-07-17
68077;68;BARBOSA;edilverbm;2014-07-17
68081;68;BARRANCABERMEJA;edilverbm;2014-07-17
68121;68;CABRERA;edilverbm;2014-07-17
68147;68;CAPITANEJO;edilverbm;2014-07-17
68160;68;CEPITA;edilverbm;2014-07-17
68167;68;CHARALA;edilverbm;2014-07-17
68176;68;CHIMA;edilverbm;2014-07-17
68190;68;CIMITARRA;edilverbm;2014-07-17
68211;68;CONTRATACION;edilverbm;2014-07-17
68229;68;CURITI;edilverbm;2014-07-17
68245;68;EL GUACAMAYO;edilverbm;2014-07-17
68264;68;ENCINO;edilverbm;2014-07-17
68271;68;FLORIAN;edilverbm;2014-07-17
68296;68;GALAN;edilverbm;2014-07-17
68307;68;GIRON;edilverbm;2014-07-17
68320;68;GUADALUPE;edilverbm;2014-07-17
68324;68;GUAVATA;edilverbm;2014-07-17
68344;68;HATO;edilverbm;2014-07-17
68370;68;JORDAN;edilverbm;2014-07-17
68385;68;LANDAZURI;edilverbm;2014-07-17
68406;68;LEBRIJA;edilverbm;2014-07-17
68432;68;MALAGA;edilverbm;2014-07-17
68464;68;MOGOTES;edilverbm;2014-07-17
68498;68;OCAMONTE;edilverbm;2014-07-17
68502;68;ONZAGA;edilverbm;2014-07-17
68524;68;PALMAS DEL SOCORRO;edilverbm;2014-07-17
68549;68;PINCHOTE;edilverbm;2014-07-17
68573;68;PUERTO PARRA;edilverbm;2014-07-17
68655;68;SABANA DE TORRES;edilverbm;2014-07-17
68679;68;SAN GIL;edilverbm;2014-07-17
68684;68;SAN JOSE DE MIRANDA;edilverbm;2014-07-17
68720;68;SANTA HELENA DEL OPON;edilverbm;2014-07-17
68770;68;SUAITA;edilverbm;2014-07-17
68780;68;SURATA;edilverbm;2014-07-17
68855;68;VALLE DE SAN JOSE;edilverbm;2014-07-17
68895;68;ZAPATOCA;edilverbm;2014-07-17
70235;70;GALERAS (NUEVA GRANADA);edilverbm;2014-07-17
99774;70;PILETA;edilverbm;2014-07-17
70001;70;SINCELEJO;edilverbm;2014-07-17
70124;70;CAIMITO;edilverbm;2014-07-17
70215;70;COROZAL;edilverbm;2014-07-17
70221;70;COVEÑAS;edilverbm;2014-07-17
70230;70;CHALAN;edilverbm;2014-07-17
70233;70;EL ROBLE;edilverbm;2014-07-17
70265;70;GUARANDA;edilverbm;2014-07-17
70400;70;LA UNION;edilverbm;2014-07-17
70418;70;LOS PALMITOS;edilverbm;2014-07-17
70429;70;MAJAGUAL;edilverbm;2014-07-17
70473;70;MORROA;edilverbm;2014-07-17
70508;70;OVEJAS;edilverbm;2014-07-17
70523;70;PALMITO;edilverbm;2014-07-17
70670;70;SAMPUES;edilverbm;2014-07-17
70678;70;SAN BENITO ABAD;edilverbm;2014-07-17
70702;70;SAN JUAN DE BETULIA;edilverbm;2014-07-17
70708;70;SAN MARCOS;edilverbm;2014-07-17
70713;70;SAN ONOFRE;edilverbm;2014-07-17
70717;70;SAN PEDRO;edilverbm;2014-07-17
70742;70;SINCE;edilverbm;2014-07-17
70771;70;SUCRE;edilverbm;2014-07-17
70820;70;TOLU;edilverbm;2014-07-17
70823;70;TOLUVIEJO;edilverbm;2014-07-17
70110;70;BUENAVISTA;edilverbm;2014-07-17
70204;70;COLOSO (RICAURTE) (RICAURTE);edilverbm;2014-07-17
73024;73;ALPUJARRA;edilverbm;2014-07-17
73217;73;COYAIMA;edilverbm;2014-07-17
73408;73;LERIDA;edilverbm;2014-07-17
73686;73;SANTA ISABEL;edilverbm;2014-07-17
73001;73;IBAGUE;edilverbm;2014-07-17
73026;73;ALVARADO;edilverbm;2014-07-17
73030;73;AMBALEMA;edilverbm;2014-07-17
73043;73;ANZOATEGUI;edilverbm;2014-07-17
73055;73;ARMERO (GUAYABAL);edilverbm;2014-07-17
73067;73;ATACO;edilverbm;2014-07-17
73124;73;CAJAMARCA;edilverbm;2014-07-17
73148;73;CARMEN DE APICALA;edilverbm;2014-07-17
73152;73;CASABIANCA;edilverbm;2014-07-17
73168;73;CHAPARRAL;edilverbm;2014-07-17
73200;73;COELLO;edilverbm;2014-07-17
73226;73;CUNDAY;edilverbm;2014-07-17
73236;73;DOLORES;edilverbm;2014-07-17
73268;73;ESPINAL;edilverbm;2014-07-17
73270;73;FALAN;edilverbm;2014-07-17
73275;73;FLANDES;edilverbm;2014-07-17
73283;73;FRESNO;edilverbm;2014-07-17
73319;73;GUAMO;edilverbm;2014-07-17
73347;73;HERVEO;edilverbm;2014-07-17
73349;73;HONDA;edilverbm;2014-07-17
73352;73;ICONONZO;edilverbm;2014-07-17
73443;73;MARIQUITA;edilverbm;2014-07-17
73461;73;MURILLO;edilverbm;2014-07-17
73504;73;ORTEGA;edilverbm;2014-07-17
73547;73;PIEDRAS;edilverbm;2014-07-17
73555;73;PLANADAS;edilverbm;2014-07-17
73616;73;RIOBLANCO;edilverbm;2014-07-17
73622;73;RONCESVALLES;edilverbm;2014-07-17
73671;73;SALDAÑA;edilverbm;2014-07-17
73678;73;SAN LUIS;edilverbm;2014-07-17
73854;73;VALLE DE SAN JUAN;edilverbm;2014-07-17
73870;73;VILLAHERMOSA;edilverbm;2014-07-17
73411;73;LIBANO;edilverbm;2014-07-17
73449;73;MELGAR;edilverbm;2014-07-17
73483;73;NATAGAIMA;edilverbm;2014-07-17
73520;73;PALOCABILDO;edilverbm;2014-07-17
73563;73;PRADO;edilverbm;2014-07-17
73585;73;PURIFICACION;edilverbm;2014-07-17
73624;73;ROVIRA;edilverbm;2014-07-17
73675;73;SAN ANTONIO;edilverbm;2014-07-17
73770;73;SUAREZ;edilverbm;2014-07-17
73861;73;VENADILLO;edilverbm;2014-07-17
73873;73;VILLARRICA;edilverbm;2014-07-17
76250;76;EL DOVIO;edilverbm;2014-07-17
76869;76;VIJES;edilverbm;2014-07-17
76001;76;CALI;edilverbm;2014-07-17
76036;76;ANDALUCIA;edilverbm;2014-07-17
76054;76;ARGELIA;edilverbm;2014-07-17
76100;76;BOLIVAR;edilverbm;2014-07-17
76111;76;BUGA;edilverbm;2014-07-17
76113;76;BUGALAGRANDE;edilverbm;2014-07-17
76126;76;CALIMA (DARIEN);edilverbm;2014-07-17
76147;76;CARTAGO;edilverbm;2014-07-17
76233;76;DAGUA;edilverbm;2014-07-17
76246;76;EL CAIRO;edilverbm;2014-07-17
76306;76;GINEBRA;edilverbm;2014-07-17
76318;76;GUACARI;edilverbm;2014-07-17
76377;76;LA CUMBRE;edilverbm;2014-07-17
76403;76;LA VICTORIA;edilverbm;2014-07-17
76520;76;PALMIRA;edilverbm;2014-07-17
76606;76;RESTREPO;edilverbm;2014-07-17
76622;76;ROLDANILLO;edilverbm;2014-07-17
76736;76;SEVILLA;edilverbm;2014-07-17
76828;76;TRUJILLO;edilverbm;2014-07-17
76845;76;ULLOA;edilverbm;2014-07-17
76892;76;YUMBO;edilverbm;2014-07-17
76020;76;ALCALA;edilverbm;2014-07-17
76041;76;ANSERMANUEVO;edilverbm;2014-07-17
76109;76;BUENAVENTURA;edilverbm;2014-07-17
76122;76;CAICEDONIA;edilverbm;2014-07-17
76130;76;CANDELARIA;edilverbm;2014-07-17
76243;76;EL AGUILA;edilverbm;2014-07-17
76248;76;EL CERRITO;edilverbm;2014-07-17
76275;76;FLORIDA;edilverbm;2014-07-17
76364;76;JAMUNDI;edilverbm;2014-07-17
76400;76;LA UNION;edilverbm;2014-07-17
76497;76;OBANDO;edilverbm;2014-07-17
76563;76;PRADERA;edilverbm;2014-07-17
76616;76;RIOFRIO;edilverbm;2014-07-17
76670;76;SAN PEDRO;edilverbm;2014-07-17
76823;76;TORO;edilverbm;2014-07-17
76834;76;TULUA;edilverbm;2014-07-17
76863;76;VERSALLES;edilverbm;2014-07-17
76890;76;YOTOCO;edilverbm;2014-07-17
76895;76;ZARZAL;edilverbm;2014-07-17
81001;81;ARAUCA;edilverbm;2014-07-17
81220;81;CRAVO NORTE;edilverbm;2014-07-17
81300;81;FORTUL;edilverbm;2014-07-17
81736;81;SARAVENA;edilverbm;2014-07-17
81065;81;ARAUQUITA;edilverbm;2014-07-17
81591;81;PUERTO RONDON;edilverbm;2014-07-17
81794;81;TAME;edilverbm;2014-07-17
85139;85;MANI;edilverbm;2014-07-17
85001;85;YOPAL;edilverbm;2014-07-17
85015;85;CHAMEZA;edilverbm;2014-07-17
85136;85;LA SALINA;edilverbm;2014-07-17
85225;85;NUNCHIA;edilverbm;2014-07-17
85250;85;PAZ DE ARIPORO;edilverbm;2014-07-17
85279;85;RECETOR;edilverbm;2014-07-17
85315;85;SACAMA;edilverbm;2014-07-17
85325;85;SAN LUIS DE PALENQUE;edilverbm;2014-07-17
85430;85;TRINIDAD;edilverbm;2014-07-17
85440;85;VILLANUEVA;edilverbm;2014-07-17
85010;85;AGUAZUL;edilverbm;2014-07-17
85125;85;HATO COROZAL;edilverbm;2014-07-17
85162;85;MONTERREY;edilverbm;2014-07-17
85230;85;OROCUE;edilverbm;2014-07-17
85263;85;PORE;edilverbm;2014-07-17
85300;85;SABANALARGA;edilverbm;2014-07-17
85400;85;TAMARA;edilverbm;2014-07-17
85410;85;TAURAMENA;edilverbm;2014-07-17
86568;86;PUERTO ASIS;edilverbm;2014-07-17
86219;86;COLON;edilverbm;2014-07-17
86571;86;PUERTO GUZMAN;edilverbm;2014-07-17
86749;86;SIBUNDOY;edilverbm;2014-07-17
86755;86;SAN FRANCISCO;edilverbm;2014-07-17
86757;86;SAN MIGUEL;edilverbm;2014-07-17
86865;86;VILLA GUAMEZ (LA HORMIGA);edilverbm;2014-07-17
86001;86;MOCOA;edilverbm;2014-07-17
86320;86;ORITO;edilverbm;2014-07-17
86569;86;PUERTO CAICEDO;edilverbm;2014-07-17
86573;86;PUERTO  LEGUIZAMO;edilverbm;2014-07-17
86760;86;SANTIAGO;edilverbm;2014-07-17
86885;86;VILLAGARZON;edilverbm;2014-07-17
88001;88;SAN ANDRES;edilverbm;2014-07-17
88564;88;PROVIDENCIA;edilverbm;2014-07-17
91001;91;LETICIA;edilverbm;2014-07-17
91263;91;EL ENCANTO;edilverbm;2014-07-17
91407;91;LA PEDRERA;edilverbm;2014-07-17
91430;91;LA VICTORIA;edilverbm;2014-07-17
91530;91;PUERTO ALEGRIA;edilverbm;2014-07-17
91536;91;PUERTO ARICA;edilverbm;2014-07-17
91540;91;PUERTO NARIÑO;edilverbm;2014-07-17
91669;91;PTO SANTANDER;edilverbm;2014-07-17
91798;91;TARAPACA;edilverbm;2014-07-17
91405;91;LA CHORRERA;edilverbm;2014-07-17
91460;91;MIRITI-PARANA;edilverbm;2014-07-17
94001;94;INIRIDA;edilverbm;2014-07-17
94343;94;GUAVIARE (BARRANCO MINAS);edilverbm;2014-07-17
94663;94;MAPIRIPANA;edilverbm;2014-07-17
94883;94;SAN FELIPE;edilverbm;2014-07-17
94884;94;PUERTO COLOMBIA;edilverbm;2014-07-17
94885;94;LA GUADALUPE;edilverbm;2014-07-17
94886;94;CACAHUAL;edilverbm;2014-07-17
94887;94;PANA PANA;edilverbm;2014-07-17
94888;94;MORICHAL NUEVO;edilverbm;2014-07-17
95001;95;SAN JOSE DEL GUAVIARE;edilverbm;2014-07-17
95015;95;CALAMAR;edilverbm;2014-07-17
95025;95;EL RETORNO;edilverbm;2014-07-17
95200;95;MIRAFLORES;edilverbm;2014-07-17
97001;97;MITU;edilverbm;2014-07-17
97161;97;CARURU;edilverbm;2014-07-17
97511;97;PACOA;edilverbm;2014-07-17
97666;97;TARAIRA;edilverbm;2014-07-17
97777;97;PAPUNAUA;edilverbm;2014-07-17
97889;97;YAVARATE;edilverbm;2014-07-17
99572;99;TAMBORA;edilverbm;2014-07-17
99001;99;PUERTO CARREÑO;edilverbm;2014-07-17
99524;99;LA PRIMAVERA;edilverbm;2014-07-17
99624;99;SANTA ROSALIA;edilverbm;2014-07-17
99773;99;CUMARIBO;edilverbm;2014-07-17
